{
	"exchanges": [{
			"id": "binance",
			"img": {
				"src": "binance.jpg",
				"alt": "Биржа 'Binance'"
			},
			"title": {
				"text": "Binance",
				"href": "https://binance.com"
			},
			"content": "Binance Lorem ipsum dolor sit amet, consectetur adipiscing elit, sed do eiusmod tempor incididunt ut labore et dolore magna aliqua. Ut enim ad minim veniam, quis nostrud exercitation ullamco laboris nisi ut aliquip ex ea commodo consequat. "
		},
		{
			"id": "coinbase",
			"img": {
				"src": "coinbase.png",
				"alt": "Биржа 'Coinbase'"
			},
			"title": {
				"text": "Coinbase",
				"href": "https://coinbase.com"
			},
			"content": "Coinbase Lorem ipsum dolor sit amet, consectetur adipiscing elit, sed do eiusmod tempor incididunt ut labore et dolore magna aliqua. Ut enim ad minim veniam, quis nostrud exercitation ullamco laboris nisi ut aliquip ex ea commodo consequat. "
		},
		{
			"id": "bitfinex",
			"img": {
				"src": "bitfinex.png",
				"alt": "Биржа 'Bitfinex'"
			},
			"title": {
				"text": "Bitfinex",
				"href": "https://bitfinex.com"
			},
			"content": "Bitfinex Lorem ipsum dolor sit amet, consectetur adipiscing elit, sed do eiusmod tempor incididunt ut labore et dolore magna aliqua. Ut enim ad minim veniam, quis nostrud exercitation ullamco laboris nisi ut aliquip ex ea commodo consequat. "
		},
		{
			"id": "exmo",
			"img": {
				"src": "exmo.jpg",
				"alt": "Биржа 'Exmo'"
			},
			"title": {
				"text": "Exmo",
				"href": "https://exmo.me"
			},
			"content": "Exmo Lorem ipsum dolor sit amet, consectetur adipiscing elit, sed do eiusmod tempor incididunt ut labore et dolore magna aliqua. Ut enim ad minim veniam, quis nostrud exercitation ullamco laboris nisi ut aliquip ex ea commodo consequat. "
		},
		{
			"id": "bitmex",
			"img": {
				"src": "bitmex.jpg",
				"alt": "Биржа 'Bitmex'"
			},
			"title": {
				"text": "Bitmex",
				"href": "https://bitmex.com"
			},
			"content": "Bitmex Lorem ipsum dolor sit amet, consectetur adipiscing elit, sed do eiusmod tempor incididunt ut labore et dolore magna aliqua. Ut enim ad minim veniam, quis nostrud exercitation ullamco laboris nisi ut aliquip ex ea commodo consequat. "
		},
		{
			"id": "huobi",
			"img": {
				"src": "huobi.jpg",
				"alt": "Биржа 'Huobi'"
			},
			"title": {
				"text": "Huobi",
				"href": "https://www.huobi.com"
			},
			"content": "Huobi Lorem ipsum dolor sit amet, consectetur adipiscing elit, sed do eiusmod tempor incididunt ut labore et dolore magna aliqua. Ut enim ad minim veniam, quis nostrud exercitation ullamco laboris nisi ut aliquip ex ea commodo consequat. "
		}
	]
}